{"cameraMode":{"drawMode":0,"name":"Shaded","section":"Shading Mode"},"sceneLighting":false,"audioPlay":false,"sceneViewState":{"showFog":false,"showMaterialUpdate":false,"showSkybox":false,"showFlares":false,"showImageEffects":false,"showParticleSystems":false},"in2DMode":false,"pivot":{"x":-1.4905691146850587,"y":15.745843887329102,"z":26.255929946899415},"rotation":{"x":0.167042076587677,"y":-0.20422384142875672,"z":0.03547484800219536,"w":0.9639852643013},"size":20.332509994506837,"orthographic":false}