{"cameraMode":{"drawMode":0,"name":"Shaded","section":"Shading Mode"},"sceneLighting":false,"audioPlay":false,"sceneViewState":{"showFog":true,"showMaterialUpdate":false,"showSkybox":false,"showFlares":true,"showImageEffects":true,"showParticleSystems":true},"in2DMode":false,"pivot":{"x":2.3184447288513185,"y":-4.8524699211120609,"z":9.345112800598145},"rotation":{"x":-0.2354424148797989,"y":-0.11542527377605438,"z":0.02817131020128727,"w":-0.9646198749542236},"size":13.73586368560791,"orthographic":false}