{"cameraMode":{"drawMode":0,"name":"Shaded","section":"Shading Mode"},"sceneLighting":false,"audioPlay":false,"sceneViewState":{"showFog":true,"showMaterialUpdate":false,"showSkybox":false,"showFlares":true,"showImageEffects":true,"showParticleSystems":true},"in2DMode":false,"pivot":{"x":-0.00012409687042236328,"y":-0.004675902426242828,"z":0.11714434623718262},"rotation":{"x":-0.24548134207725526,"y":0.15679265558719636,"z":-0.040264688432216647,"w":-0.955801248550415},"size":7.593532562255859,"orthographic":false}