{"cameraMode":{"drawMode":0,"name":"Shaded","section":"Shading Mode"},"sceneLighting":false,"audioPlay":false,"sceneViewState":{"showFog":true,"showMaterialUpdate":false,"showSkybox":false,"showFlares":true,"showImageEffects":true,"showParticleSystems":true},"in2DMode":false,"pivot":{"x":-2.4760239124298097,"y":6.474889755249023,"z":-54.61130142211914},"rotation":{"x":0.015531888231635094,"y":-0.9550021290779114,"z":0.05076337233185768,"w":0.29195842146873476},"size":7.989441394805908,"orthographic":false}