{"cameraMode":{"drawMode":0,"name":"Shaded","section":"Shading Mode"},"sceneLighting":true,"audioPlay":false,"sceneViewState":{"showFog":true,"showMaterialUpdate":false,"showSkybox":true,"showFlares":true,"showImageEffects":true,"showParticleSystems":true},"in2DMode":false,"pivot":{"x":-2.146289825439453,"y":0.4520263671875,"z":24.568138122558595},"rotation":{"x":0.1573835015296936,"y":0.03049844689667225,"z":-0.004908769857138395,"w":0.9871097803115845},"size":72.42902374267578,"orthographic":false}