{"cameraMode":{"drawMode":0,"name":"Shaded","section":"Shading Mode"},"sceneLighting":false,"audioPlay":false,"sceneViewState":{"showFog":true,"showMaterialUpdate":false,"showSkybox":false,"showFlares":true,"showImageEffects":true,"showParticleSystems":true},"in2DMode":false,"pivot":{"x":-0.5088967680931091,"y":1.0022629499435425,"z":-0.6965794563293457},"rotation":{"x":0.0037264819256961347,"y":-0.9529464244842529,"z":0.3029422461986542,"w":0.011716652661561966},"size":10.863758087158204,"orthographic":false}