{"cameraMode":{"drawMode":0,"name":"Shaded","section":"Shading Mode"},"sceneLighting":true,"audioPlay":false,"sceneViewState":{"showFog":true,"showMaterialUpdate":false,"showSkybox":false,"showFlares":true,"showImageEffects":true,"showParticleSystems":true},"in2DMode":false,"pivot":{"x":-10.09000015258789,"y":-6.579999923706055,"z":38.619998931884769},"rotation":{"x":-0.15729956328868867,"y":0.17473946511745454,"z":-0.028250252828001977,"w":-0.9716027975082398},"size":3.1675798892974855,"orthographic":false}