{"cameraMode":{"drawMode":0,"name":"Shaded","section":"Shading Mode"},"sceneLighting":true,"audioPlay":false,"sceneViewState":{"showFog":true,"showMaterialUpdate":false,"showSkybox":false,"showFlares":true,"showImageEffects":true,"showParticleSystems":true},"in2DMode":false,"pivot":{"x":5.397441864013672,"y":11.976969718933106,"z":35.833473205566409},"rotation":{"x":-0.06549974530935288,"y":0.36765211820602419,"z":-0.025924071669578553,"w":-0.9273595809936523},"size":38.285850524902347,"orthographic":false}