{"cameraMode":{"drawMode":0,"name":"Shaded","section":"Shading Mode"},"sceneLighting":false,"audioPlay":false,"sceneViewState":{"showFog":true,"showMaterialUpdate":false,"showSkybox":false,"showFlares":true,"showImageEffects":true,"showParticleSystems":true},"in2DMode":false,"pivot":{"x":0.3375244140625,"y":1.8000001907348633,"z":-2.384185791015625e-7},"rotation":{"x":0.0037264819256961347,"y":-0.9529464244842529,"z":0.3029422461986542,"w":0.011716652661561966},"size":19.20825958251953,"orthographic":false}