{"cameraMode":{"drawMode":0,"name":"Shaded","section":"Shading Mode"},"sceneLighting":false,"audioPlay":false,"sceneViewState":{"showFog":true,"showMaterialUpdate":false,"showSkybox":false,"showFlares":true,"showImageEffects":true,"showParticleSystems":true},"in2DMode":false,"pivot":{"x":0.09640073776245117,"y":2.6312499046325685,"z":0.0},"rotation":{"x":0.0037264819256961347,"y":-0.9529464244842529,"z":0.3029422461986542,"w":0.011716652661561966},"size":8.020501136779786,"orthographic":false}