{"cameraMode":{"drawMode":0,"name":"Shaded","section":"Shading Mode"},"sceneLighting":true,"audioPlay":false,"sceneViewState":{"showFog":true,"showMaterialUpdate":false,"showSkybox":true,"showFlares":true,"showImageEffects":true,"showParticleSystems":true},"in2DMode":false,"pivot":{"x":-17.262157440185548,"y":8.976372718811036,"z":-20.051433563232423},"rotation":{"x":-0.1298191249370575,"y":0.13401590287685395,"z":-0.017718126997351648,"w":-0.9822955131530762},"size":21.149517059326173,"orthographic":false}