{"cameraMode":{"drawMode":0,"name":"Shaded","section":"Shading Mode"},"sceneLighting":true,"audioPlay":false,"sceneViewState":{"showFog":true,"showMaterialUpdate":false,"showSkybox":false,"showFlares":true,"showImageEffects":true,"showParticleSystems":true},"in2DMode":false,"pivot":{"x":0.0,"y":2.010000228881836,"z":-17.309999465942384},"rotation":{"x":0.06638466566801071,"y":-0.07205880433320999,"z":-0.004761782009154558,"w":-0.9952081441879273},"size":9.233231544494629,"orthographic":false}