{"cameraMode":{"drawMode":0,"name":"Shaded","section":"Shading Mode"},"sceneLighting":false,"audioPlay":false,"sceneViewState":{"showFog":true,"showMaterialUpdate":false,"showSkybox":false,"showFlares":true,"showImageEffects":true,"showParticleSystems":true},"in2DMode":false,"pivot":{"x":-1.0643366575241089,"y":0.5914983749389648,"z":0.23534345626831056},"rotation":{"x":-0.16585780680179597,"y":0.7750717401504517,"z":-0.2274031937122345,"w":-0.5658465623855591},"size":5.463967323303223,"orthographic":false}