{"cameraMode":{"drawMode":0,"name":"Shaded","section":"Shading Mode"},"sceneLighting":false,"audioPlay":false,"sceneViewState":{"showFog":true,"showMaterialUpdate":false,"showSkybox":false,"showFlares":true,"showImageEffects":true,"showParticleSystems":true},"in2DMode":false,"pivot":{"x":-0.000246001232881099,"y":1.6457886695861817,"z":-0.07988393306732178},"rotation":{"x":-0.06537581980228424,"y":0.6199556589126587,"z":-0.05211436003446579,"w":-0.7802619934082031},"size":5.673950672149658,"orthographic":false}