{"cameraMode":{"drawMode":0,"name":"Shaded","section":"Shading Mode"},"sceneLighting":false,"audioPlay":false,"sceneViewState":{"showFog":true,"showMaterialUpdate":false,"showSkybox":false,"showFlares":true,"showImageEffects":true,"showParticleSystems":true},"in2DMode":false,"pivot":{"x":-2.406280755996704,"y":0.5363895893096924,"z":-19.074386596679689},"rotation":{"x":-0.22146925330162049,"y":-0.06461178511381149,"z":0.014589640311896801,"w":-0.9729869961738586},"size":40.035301208496097,"orthographic":false}