{"cameraMode":{"drawMode":0,"name":"Shaded","section":"Shading Mode"},"sceneLighting":true,"audioPlay":false,"sceneViewState":{"showFog":true,"showMaterialUpdate":false,"showSkybox":false,"showFlares":true,"showImageEffects":true,"showParticleSystems":true},"in2DMode":false,"pivot":{"x":-0.3400767743587494,"y":6.386231899261475,"z":0.5256873369216919},"rotation":{"x":-0.042104173451662067,"y":-0.9522735476493836,"z":0.15416915714740754,"w":-0.2602083384990692},"size":6.054905414581299,"orthographic":false}