{"cameraMode":{"drawMode":0,"name":"Shaded","section":"Shading Mode"},"sceneLighting":true,"audioPlay":false,"sceneViewState":{"showFog":true,"showMaterialUpdate":false,"showSkybox":true,"showFlares":true,"showImageEffects":true,"showParticleSystems":true},"in2DMode":false,"pivot":{"x":94.37568664550781,"y":-93.27152252197266,"z":-25.968698501586915},"rotation":{"x":0.312641441822052,"y":0.5455832481384277,"z":-0.22984832525253297,"w":0.7431458234786987},"size":149.8555450439453,"orthographic":false}