{"cameraMode":{"drawMode":0,"name":"Shaded","section":"Shading Mode"},"sceneLighting":true,"audioPlay":false,"sceneViewState":{"showFog":true,"showMaterialUpdate":false,"showSkybox":false,"showFlares":true,"showImageEffects":true,"showParticleSystems":true},"in2DMode":false,"pivot":{"x":6.305570602416992,"y":-8.590835571289063,"z":17.79621124267578},"rotation":{"x":-0.2178865671157837,"y":0.7733792662620544,"z":-0.34953299164772036,"w":-0.4820127785205841},"size":41.835391998291019,"orthographic":false}