{"cameraMode":{"drawMode":0,"name":"Shaded","section":"Shading Mode"},"sceneLighting":true,"audioPlay":false,"sceneViewState":{"showFog":true,"showMaterialUpdate":false,"showSkybox":true,"showFlares":true,"showImageEffects":true,"showParticleSystems":true},"in2DMode":false,"pivot":{"x":19.9293270111084,"y":1.3491673469543458,"z":3.874289035797119},"rotation":{"x":-0.22222955524921418,"y":0.5488265752792358,"z":-0.15420302748680116,"w":-0.7909815907478333},"size":7.716287612915039,"orthographic":false}