{"cameraMode":{"drawMode":0,"name":"Shaded","section":"Shading Mode"},"sceneLighting":true,"audioPlay":false,"sceneViewState":{"showFog":true,"showMaterialUpdate":false,"showSkybox":true,"showFlares":true,"showImageEffects":true,"showParticleSystems":true},"in2DMode":false,"pivot":{"x":0.6341618895530701,"y":-12.291570663452149,"z":-24.815353393554689},"rotation":{"x":0.5077369213104248,"y":-0.15555575489997865,"z":0.09371527284383774,"w":0.8424330949783325},"size":114.6513900756836,"orthographic":false}