{"cameraMode":{"drawMode":0,"name":"Shaded","section":"Shading Mode"},"sceneLighting":true,"audioPlay":false,"sceneViewState":{"showFog":true,"showMaterialUpdate":false,"showSkybox":false,"showFlares":true,"showImageEffects":true,"showParticleSystems":true},"in2DMode":false,"pivot":{"x":0.0,"y":31.099998474121095,"z":4.961528778076172},"rotation":{"x":-0.1788838803768158,"y":0.040767211467027667,"z":-0.007375550922006369,"w":-0.9830483198165894},"size":303.88690185546877,"orthographic":false}