{"cameraMode":{"drawMode":0,"name":"Shaded","section":"Shading Mode"},"sceneLighting":true,"audioPlay":false,"sceneViewState":{"showFog":true,"showMaterialUpdate":false,"showSkybox":true,"showFlares":true,"showImageEffects":true,"showParticleSystems":true},"in2DMode":false,"pivot":{"x":2.22507905960083,"y":6.585402488708496,"z":-10.851670265197754},"rotation":{"x":0.2661716639995575,"y":0.02405288629233837,"z":-0.00563851511105895,"w":0.9639117121696472},"size":15.823531150817871,"orthographic":false}