{"cameraMode":{"drawMode":0,"name":"Shaded","section":"Shading Mode"},"sceneLighting":true,"audioPlay":false,"sceneViewState":{"showFog":true,"showMaterialUpdate":false,"showSkybox":true,"showFlares":true,"showImageEffects":true,"showParticleSystems":true},"in2DMode":false,"pivot":{"x":-1.1554179191589356,"y":0.26246920228004458,"z":-9.961615562438965},"rotation":{"x":0.0011712528066709638,"y":0.9760139584541321,"z":-0.217855304479599,"w":0.0052721924148499969},"size":37.136985778808597,"orthographic":false}