{"cameraMode":{"drawMode":0,"name":"Shaded","section":"Shading Mode"},"sceneLighting":true,"audioPlay":false,"sceneViewState":{"showFog":true,"showMaterialUpdate":false,"showSkybox":true,"showFlares":true,"showImageEffects":true,"showParticleSystems":true},"in2DMode":false,"pivot":{"x":2.0146291255950929,"y":2.3024919033050539,"z":5.078604221343994},"rotation":{"x":0.0037264819256961347,"y":-0.9529464244842529,"z":0.3029422461986542,"w":0.011716652661561966},"size":9.765410423278809,"orthographic":false}