{"cameraMode":{"drawMode":0,"name":"Shaded","section":"Shading Mode"},"sceneLighting":true,"audioPlay":false,"sceneViewState":{"showFog":true,"showMaterialUpdate":false,"showSkybox":true,"showFlares":true,"showImageEffects":true,"showParticleSystems":true},"in2DMode":false,"pivot":{"x":0.578101396560669,"y":0.8858384490013123,"z":0.6978645920753479},"rotation":{"x":0.02001924254000187,"y":0.9784424304962158,"z":-0.1704932451248169,"w":0.11531840264797211},"size":8.565985679626465,"orthographic":false}