{"cameraMode":{"drawMode":0,"name":"Shaded","section":"Shading Mode"},"sceneLighting":true,"audioPlay":false,"sceneViewState":{"showFog":true,"showMaterialUpdate":false,"showSkybox":true,"showFlares":true,"showImageEffects":true,"showParticleSystems":true},"in2DMode":false,"pivot":{"x":1.5704926252365113,"y":2.418463706970215,"z":-16.07347297668457},"rotation":{"x":0.18417003750801087,"y":0.6949257254600525,"z":-0.19136197865009309,"w":0.6683366894721985},"size":6.106050491333008,"orthographic":false}