{"cameraMode":{"drawMode":0,"name":"Shaded","section":"Shading Mode"},"sceneLighting":false,"audioPlay":false,"sceneViewState":{"showFog":true,"showMaterialUpdate":false,"showSkybox":false,"showFlares":true,"showImageEffects":true,"showParticleSystems":true},"in2DMode":false,"pivot":{"x":1.6616196632385255,"y":-5.543827056884766,"z":9.135248184204102},"rotation":{"x":-0.2354424148797989,"y":-0.11542527377605438,"z":0.02817131020128727,"w":-0.9646198749542236},"size":15.8056058883667,"orthographic":false}