{"cameraMode":{"drawMode":0,"name":"Shaded","section":"Shading Mode"},"sceneLighting":true,"audioPlay":false,"sceneViewState":{"showFog":true,"showMaterialUpdate":false,"showSkybox":true,"showFlares":true,"showImageEffects":true,"showParticleSystems":true},"in2DMode":false,"pivot":{"x":-0.0015232563018798829,"y":6.674798488616943,"z":-51.38429260253906},"rotation":{"x":0.12330037355422974,"y":-0.003580668242648244,"z":0.00042603228939697146,"w":0.9924157857894898},"size":11.812734603881836,"orthographic":false}