{"cameraMode":{"drawMode":0,"name":"Shaded","section":"Shading Mode"},"sceneLighting":true,"audioPlay":false,"sceneViewState":{"showFog":true,"showMaterialUpdate":false,"showSkybox":false,"showFlares":true,"showImageEffects":true,"showParticleSystems":true},"in2DMode":false,"pivot":{"x":1.1529901027679444,"y":6.443349361419678,"z":0.7138738632202148},"rotation":{"x":-0.11571052670478821,"y":0.8226007223129273,"z":-0.1807648092508316,"w":-0.5265635848045349},"size":1.4820935726165772,"orthographic":false}